Web pages,Lawra-Jirapa (Ghana),Hoima (Uganda)
Summary,http://rpubs.com/g-bejarano/GhanaDatosGenerales,http://rpubs.com/g-bejarano/HoimaDatosGenerales
Livelihoods,http://rpubs.com/g-bejarano/GhanaMediosDeVida,http://rpubs.com/g-bejarano/HoimaMediosDeVida
Livelihoods,http://rpubs.com/g-bejarano/GhanaServiciosFinancieros,http://rpubs.com/g-bejarano/HoimaServiciosFinancieros
Food security,http://rpubs.com/g-bejarano/GhanaSeguridadAlimentaria,http://rpubs.com/g-bejarano/HoimaSeguridadAlimentaria
Weather events,http://rpubs.com/g-bejarano/GhanaEventosClimaticos,http://rpubs.com/g-bejarano/HoimaEventosClimaticos
CSA Practices,http://rpubs.com/g-bejarano/GhanaPracticasCSA,http://rpubs.com/g-bejarano/HoimaPracticasCSA
Climate services,http://rpubs.com/g-bejarano/GhanaServiciosClimaticos,http://rpubs.com/g-bejarano/HoimaServiciosClimaticos
